{
    "author": "Josh.5",
    "compatibility": [
        1,
        2
    ],
    "description": "Ensure all video streams are encoded with the H264 codec using the libx264 encoder.  Also handle audio transcoding",
    "icon": "https://raw.githubusercontent.com/Josh5/unmanic.plugin.encoder_video_h264_libx264/master/icon.png",
    "id": "encoder_audio_video_h264_libx264",
    "name": "Audio/Video Encoder H264/AAC - libx264 (CPU)",
    "platform": [
        "all"
    ],
    "priorities": {
        "on_library_management_file_test": 99,
        "on_worker_process": 0
    },
    "tags": "audio,video,encoder,ffmpeg,library file test",
    "version": "0.0.11"
}
